TimeStamp,Latitude,Longitude,Altitude,PM25,RelativeHumidity,Temperature,vocIndex,noxIndex,ButtonPress,PressurehPa,DuplicationCount,TimeStampAdjusted,TimeStampHMS,velocity_km_h,velocity_m_h
2024-02-08 08:52:48,37.77161,-122.43504,53.4,5.5,82.51,6.715,133.0,2.0,0.0,1011.8,0,2024-02-08 08:52:48,08:52:48,0.0,0.0
2024-02-08 08:52:52,37.77161,-122.43475,53.5,5.5,82.51,6.715,132.0,2.0,0.0,1011.9,0,2024-02-08 08:52:52,08:52:52,22.9406,14.2546
2024-02-08 08:52:53,37.771622,-122.43467,53.5,5.4,82.529,6.72,131.0,2.0,0.0,1011.9,0,2024-02-08 08:52:53,08:52:53,23.5056,14.6057
2024-02-08 08:52:55,37.771656,-122.4345,53.599,5.2,82.519,6.725,130.0,2.0,0.0,1011.9,0,2024-02-08 08:52:55,08:52:55,24.7164,15.358
2024-02-08 08:52:57,37.771667,-122.43435,53.5,5.1,82.5,6.725,129.0,2.0,0.0,1012.0,0,2024-02-08 08:52:57,08:52:57,24.5202,15.2361
2024-02-08 08:52:58,37.771671,-122.43428,53.4,4.9,82.489,6.725,128.0,2.0,0.0,1012.1,0,2024-02-08 08:52:58,08:52:58,24.2889,15.0924
2024-02-08 08:53:00,37.77169,-122.43412,53.299,4.9,82.48,6.725,127.0,2.0,0.0,1012.1,0,2024-02-08 08:53:00,08:53:00,24.5071,15.228
2024-02-08 08:53:01,37.771698,-122.43405,53.299,4.7,82.48,6.73,126.0,2.0,0.0,1012.1,0,2024-02-08 08:53:01,08:53:01,24.3434,15.1263
2024-02-08 08:53:03,37.771736,-122.43388,53.5,4.6,82.459,6.73,125.0,2.0,0.0,1012.1,0,2024-02-08 08:53:03,08:53:03,24.8244,15.4251
2024-02-08 08:53:05,37.771721,-122.43376,53.299,4.5,82.459,6.735,124.0,2.0,0.0,1012.2,0,2024-02-08 08:53:05,08:53:05,24.1652,15.0155
2024-02-08 08:53:06,37.771675,-122.43373,53.099,4.4,82.44,6.735,122.0,2.0,0.0,1012.2,0,2024-02-08 08:53:06,08:53:06,23.9736,14.8965
2024-02-08 08:53:08,37.771557,-122.43367,52.5,4.3,82.43,6.735,121.0,2.0,0.0,1012.2,0,2024-02-08 08:53:08,08:53:08,24.1216,14.9885
2024-02-08 08:53:09,37.7715,-122.43366,52.5,4.4,82.4,6.74,119.0,2.0,0.0,1012.2,0,2024-02-08 08:53:09,08:53:09,24.0699,14.9564
2024-02-08 08:53:11,37.7714,-122.43362,52.599,4.4,82.389,6.74,117.0,2.0,0.0,1012.3,0,2024-02-08 08:53:11,08:53:11,23.8023,14.79
2024-02-08 08:53:13,37.771297,-122.4336,52.799,4.5,82.36,6.745,115.0,2.0,0.0,1012.2,0,2024-02-08 08:53:13,08:53:13,23.5666,14.6436
2024-02-08 08:53:14,37.771252,-122.4336,52.799,4.6,82.33,6.745,112.0,2.0,0.0,1012.3,0,2024-02-08 08:53:14,08:53:14,23.3531,14.5109
2024-02-08 08:53:16,37.771168,-122.43357,52.799,4.6,82.29,6.745,111.0,2.0,0.0,1012.3,0,2024-02-08 08:53:16,08:53:16,22.9328,14.2498
2024-02-08 08:53:17,37.771118,-122.43357,52.9,4.5,82.139,6.75,108.0,2.0,0.0,1012.3,0,2024-02-08 08:53:17,08:53:17,22.8322,14.1873
2024-02-08 08:53:19,37.771004,-122.43354,52.9,4.4,82.05,6.75,106.0,2.0,0.0,1012.3,0,2024-02-08 08:53:19,08:53:19,22.8628,14.2063
2024-02-08 08:53:21,37.770905,-122.43348,52.9,4.3,81.83,6.755,104.0,2.0,0.0,1012.3,0,2024-02-08 08:53:21,08:53:21,22.8087,14.1727
2024-02-08 08:53:22,37.770885,-122.43343,52.9,4.3,81.61,6.755,103.0,2.0,0.0,1012.3,0,2024-02-08 08:53:22,08:53:22,22.6594,14.0799
2024-02-08 08:53:24,37.770897,-122.43331,52.799,4.2,81.5,6.755,102.0,2.0,0.0,1012.3,0,2024-02-08 08:53:24,08:53:24,22.4041,13.9213
2024-02-08 08:53:25,37.770889,-122.43326,52.4,4.1,81.33,6.76,101.0,2.0,0.0,1012.4,0,2024-02-08 08:53:25,08:53:25,22.1034,13.7344
2024-02-08 08:53:27,37.770901,-122.43313,52.2,4.0,81.26,6.76,101.0,2.0,0.0,1012.4,0,2024-02-08 08:53:27,08:53:27,21.6636,13.4611
2024-02-08 08:53:29,37.77092,-122.43302,52.2,4.3,81.139,6.765,100.0,2.0,0.0,1012.4,0,2024-02-08 08:53:29,08:53:29,21.2874,13.2274
2024-02-08 08:53:30,37.77092,-122.43296,51.9,4.7,81.099,6.765,100.0,2.0,0.0,1012.4,0,2024-02-08 08:53:30,08:53:30,21.1867,13.1648
2024-02-08 08:53:32,37.770912,-122.43284,51.7,5.4,81.059,6.77,100.0,2.0,0.0,1012.5,0,2024-02-08 08:53:32,08:53:32,20.7777,12.9106
2024-02-08 08:53:33,37.770916,-122.43279,51.7,5.6,81.059,6.77,100.0,2.0,0.0,1012.5,0,2024-02-08 08:53:33,08:53:33,20.5752,12.7848
2024-02-08 08:53:35,37.770927,-122.43269,52.099,5.7,81.08,6.77,100.0,2.0,0.0,1012.5,0,2024-02-08 08:53:35,08:53:35,19.8267,12.3197
2024-02-08 08:53:37,37.770943,-122.43258,52.4,5.6,81.139,6.775,99.0,2.0,0.0,1012.5,0,2024-02-08 08:53:37,08:53:37,19.7313,12.2605
2024-02-08 08:53:38,37.77095,-122.43252,52.4,5.6,81.199,6.775,99.0,2.0,0.0,1012.5,0,2024-02-08 08:53:38,08:53:38,19.6836,12.2308
2024-02-08 08:53:40,37.770962,-122.43238,52.7,5.4,81.36,6.78,99.0,2.0,0.0,1012.6,0,2024-02-08 08:53:40,08:53:40,19.4852,12.1076
2024-02-08 08:53:41,37.770973,-122.43232,52.7,5.3,81.57,6.78,99.0,2.0,0.0,1012.6,0,2024-02-08 08:53:41,08:53:41,19.3744,12.0387
2024-02-08 08:53:43,37.770981,-122.43218,52.299,5.2,81.669,6.78,99.0,2.0,0.0,1012.6,0,2024-02-08 08:53:43,08:53:43,19.4504,12.0859
2024-02-08 08:53:45,37.770988,-122.43203,52.0,5.1,81.82,6.785,99.0,2.0,0.0,1012.6,0,2024-02-08 08:53:45,08:53:45,19.6327,12.1992
2024-02-08 08:53:46,37.770981,-122.43198,52.0,5.0,81.87,6.785,99.0,2.0,0.0,1012.6,0,2024-02-08 08:53:46,08:53:46,19.5719,12.1614
2024-02-08 08:53:48,37.770924,-122.4319,51.9,4.8,81.93,6.79,99.0,2.0,0.0,1012.6,0,2024-02-08 08:53:48,08:53:48,19.545,12.1447
2024-02-08 08:53:49,37.770893,-122.4319,52.0,4.7,81.959,6.79,99.0,2.0,0.0,1012.6,0,2024-02-08 08:53:49,08:53:49,19.3073,11.997
2024-02-08 08:53:51,37.770798,-122.43184,52.099,4.6,81.97,6.79,99.0,2.0,0.0,1012.7,0,2024-02-08 08:53:51,08:53:51,19.179,11.9173
2024-02-08 08:53:53,37.770649,-122.43179,51.7,4.5,82.0,6.795,99.0,2.0,0.0,1012.7,0,2024-02-08 08:53:53,08:53:53,19.7341,12.2622
2024-02-08 08:53:54,37.770596,-122.43178,51.799,4.4,82.01,6.795,99.0,2.0,0.0,1012.8,0,2024-02-08 08:53:54,08:53:54,19.8503,12.3344
2024-02-08 08:53:56,37.770512,-122.43175,52.0,4.3,82.01,6.795,99.0,2.0,0.0,1012.8,0,2024-02-08 08:53:56,08:53:56,19.7461,12.2697
2024-02-08 08:53:57,37.77047,-122.43173,52.2,4.3,81.98,6.8,99.0,2.0,0.0,1012.8,0,2024-02-08 08:53:57,08:53:57,19.8031,12.3051
2024-02-08 08:53:59,37.770344,-122.43171,52.4,4.2,81.91,6.8,99.0,2.0,0.0,1012.8,0,2024-02-08 08:53:59,08:53:59,20.0974,12.488
2024-02-08 08:54:01,37.770226,-122.43169,52.299,4.1,81.839,6.805,99.0,2.0,0.0,1012.9,0,2024-02-08 08:54:01,08:54:01,20.4734,12.7215
2024-02-08 08:54:02,37.770157,-122.4317,51.9,4.1,81.82,6.805,99.0,2.0,0.0,1012.9,0,2024-02-08 08:54:02,08:54:02,20.7489,12.8927
2024-02-08 08:54:04,37.770046,-122.4317,51.599,4.0,81.779,6.805,99.0,2.0,0.0,1012.9,0,2024-02-08 08:54:04,08:54:04,20.9466,13.0156
2024-02-08 08:54:05,37.770008,-122.43169,51.5,4.0,81.769,6.81,99.0,2.0,0.0,1012.9,0,2024-02-08 08:54:05,08:54:05,20.9352,13.0085
2024-02-08 08:54:07,37.769859,-122.43161,50.099,4.0,81.76,6.81,99.0,2.0,0.0,1012.9,0,2024-02-08 08:54:07,08:54:07,21.9617,13.6463
2024-02-08 08:54:09,37.769737,-122.43158,50.099,3.9,81.76,6.815,99.0,2.0,0.0,1013.0,0,2024-02-08 08:54:09,08:54:09,22.4104,13.9252
2024-02-08 08:54:10,37.769688,-122.43158,50.0,3.9,81.739,6.815,99.0,2.0,0.0,1013.0,0,2024-02-08 08:54:10,08:54:10,22.4236,13.9334
2024-02-08 08:54:12,37.769611,-122.43156,49.599,3.8,81.69,6.82,98.0,2.0,0.0,1013.0,0,2024-02-08 08:54:12,08:54:12,22.0145,13.6792
2024-02-08 08:54:13,37.769581,-122.43156,49.299,3.8,81.65,6.82,98.0,2.0,0.0,1013.0,0,2024-02-08 08:54:13,08:54:13,21.7807,13.5339
2024-02-08 08:54:15,37.769543,-122.43156,48.7,3.7,81.58,6.825,98.0,2.0,0.0,1013.0,0,2024-02-08 08:54:15,08:54:15,20.8681,12.9668
2024-02-08 08:54:17,37.769482,-122.43156,48.7,3.7,81.54,6.825,98.0,2.0,0.0,1013.0,0,2024-02-08 08:54:17,08:54:17,20.1454,12.5177
2024-02-08 08:54:18,37.76947,-122.43154,48.7,3.8,81.449,6.825,98.0,2.0,0.0,1013.0,0,2024-02-08 08:54:18,08:54:18,19.8915,12.36
2024-02-08 08:54:20,37.769402,-122.43148,48.7,3.8,81.4,6.83,98.0,2.0,0.0,1013.1,0,2024-02-08 08:54:20,08:54:20,19.8637,12.3427
2024-02-08 08:54:21,37.76936,-122.43146,48.7,3.8,81.36,6.835,98.0,2.0,0.0,1013.1,0,2024-02-08 08:54:21,08:54:21,20.0373,12.4506
2024-02-08 08:54:23,37.769283,-122.43141,48.599,3.8,81.26,6.835,98.0,2.0,0.0,1013.1,0,2024-02-08 08:54:23,08:54:23,19.7917,12.298
2024-02-08 08:54:25,37.769207,-122.43137,48.4,3.8,81.209,6.84,98.0,2.0,0.0,1013.1,0,2024-02-08 08:54:25,08:54:25,18.8931,11.7396
2024-02-08 08:54:26,37.769157,-122.43137,48.599,3.7,81.089,6.84,98.0,2.0,0.0,1013.1,0,2024-02-08 08:54:26,08:54:26,18.8482,11.7117
2024-02-08 08:54:28,37.769073,-122.43137,48.799,3.6,81.01,6.845,98.0,2.0,0.0,1013.1,0,2024-02-08 08:54:28,08:54:28,18.8071,11.6862
2024-02-08 08:54:29,37.76902,-122.43138,48.799,3.6,80.97,6.85,98.0,2.0,0.0,1013.2,0,2024-02-08 08:54:29,08:54:29,18.9161,11.7539
2024-02-08 08:54:31,37.768917,-122.43138,48.599,3.4,80.9,6.85,98.0,2.0,0.0,1013.2,0,2024-02-08 08:54:31,08:54:31,18.616,11.5674
2024-02-08 08:54:33,37.768845,-122.43137,48.5,3.4,80.879,6.855,97.0,2.0,0.0,1013.2,0,2024-02-08 08:54:33,08:54:33,18.0328,11.2051
2024-02-08 08:54:34,37.768818,-122.43137,48.5,3.4,80.87,6.86,97.0,2.0,0.0,1013.2,0,2024-02-08 08:54:34,08:54:34,17.5017,10.8751
2024-02-08 08:54:36,37.768757,-122.43132,48.7,3.4,80.87,6.86,97.0,2.0,0.0,1013.2,0,2024-02-08 08:54:36,08:54:36,17.0225,10.5773
2024-02-08 08:54:37,37.768734,-122.43133,48.7,3.4,80.889,6.865,97.0,2.0,0.0,1013.2,0,2024-02-08 08:54:37,08:54:37,16.8412,10.4646
2024-02-08 08:54:39,37.768707,-122.43132,49.2,3.4,80.91,6.87,97.0,2.0,0.0,1013.2,0,2024-02-08 08:54:39,08:54:39,15.1683,9.4251
2024-02-08 08:54:41,37.768677,-122.43132,50.0,3.4,80.93,6.87,97.0,2.0,0.0,1013.3,0,2024-02-08 08:54:41,08:54:41,13.9888,8.6923
2024-02-08 08:54:42,37.768665,-122.43131,50.2,3.5,80.97,6.875,97.0,2.0,0.0,1013.3,0,2024-02-08 08:54:42,08:54:42,13.5556,8.4231
2024-02-08 08:54:44,37.768654,-122.43131,50.5,3.5,81.0,6.88,97.0,2.0,0.0,1013.3,0,2024-02-08 08:54:44,08:54:44,12.7099,7.8976
2024-02-08 08:54:45,37.768654,-122.43131,50.599,3.6,81.019,6.885,96.0,2.0,0.0,1013.3,0,2024-02-08 08:54:45,08:54:45,12.3346,7.6644
2024-02-08 08:54:47,37.76865,-122.43129,50.7,3.7,81.029,6.89,96.0,2.0,0.0,1013.3,0,2024-02-08 08:54:47,08:54:47,12.0633,7.4958
2024-02-08 08:54:49,37.768639,-122.43129,51.0,3.8,81.04,6.89,96.0,2.0,0.0,1013.3,0,2024-02-08 08:54:49,08:54:49,11.4378,7.1071
2024-02-08 08:54:50,37.768631,-122.43129,51.099,3.9,81.04,6.895,95.0,2.0,0.0,1013.3,0,2024-02-08 08:54:50,08:54:50,11.2896,7.015
2024-02-08 08:54:52,37.768597,-122.43128,51.4,4.0,81.05,6.9,95.0,2.0,0.0,1013.3,0,2024-02-08 08:54:52,08:54:52,10.6891,6.6419
2024-02-08 08:54:53,37.768578,-122.43126,51.4,4.0,81.08,6.905,95.0,2.0,0.0,1013.3,0,2024-02-08 08:54:53,08:54:53,10.437,6.4852
2024-02-08 08:54:55,37.768539,-122.43126,51.4,4.0,81.08,6.91,94.0,2.0,0.0,1013.3,0,2024-02-08 08:54:55,08:54:55,9.8421,6.1156
2024-02-08 08:54:57,37.768478,-122.43125,51.599,4.0,81.08,6.915,94.0,2.0,0.0,1013.3,0,2024-02-08 08:54:57,08:54:57,9.5819,5.9539
2024-02-08 08:54:58,37.768444,-122.43125,51.7,4.0,81.059,6.92,93.0,2.0,0.0,1013.4,0,2024-02-08 08:54:58,08:54:58,9.3817,5.8295
2024-02-08 08:55:00,37.768368,-122.43125,51.9,4.0,81.059,6.925,92.0,2.0,0.0,1013.4,0,2024-02-08 08:55:00,08:55:00,9.2816,5.7673
2024-02-08 08:55:01,37.76833,-122.43125,52.0,4.0,81.05,6.93,91.0,2.0,0.0,1013.4,0,2024-02-08 08:55:01,08:55:01,9.0866,5.6462
2024-02-08 08:55:03,37.768238,-122.43124,52.2,4.1,81.04,6.935,91.0,2.0,0.0,1013.4,0,2024-02-08 08:55:03,08:55:03,8.9533,5.5633
2024-02-08 08:55:05,37.768147,-122.43122,52.5,4.1,81.04,6.945,90.0,2.0,0.0,1013.4,0,2024-02-08 08:55:05,08:55:05,9.2026,5.7182
2024-02-08 08:55:06,37.768101,-122.43122,52.599,4.1,81.0,6.95,90.0,2.0,0.0,1013.4,0,2024-02-08 08:55:06,08:55:06,9.4403,5.8659
2024-02-08 08:55:08,37.768021,-122.43122,53.0,4.1,80.989,6.955,90.0,2.0,0.0,1013.5,0,2024-02-08 08:55:08,08:55:08,9.5318,5.9228
2024-02-08 08:55:09,37.767979,-122.43122,53.2,4.1,80.959,6.96,89.0,2.0,0.0,1013.5,0,2024-02-08 08:55:09,08:55:09,9.7529,6.0602
2024-02-08 08:55:11,37.767902,-122.43122,53.5,4.0,80.93,6.965,89.0,2.0,0.0,1013.5,0,2024-02-08 08:55:11,08:55:11,10.3642,6.44
2024-02-08 08:55:13,37.767841,-122.43124,53.599,4.0,80.86,6.975,89.0,2.0,0.0,1013.5,0,2024-02-08 08:55:13,08:55:13,10.7772,6.6967
2024-02-08 08:55:14,37.767803,-122.43122,53.599,4.0,80.79,6.98,89.0,2.0,0.0,1013.5,0,2024-02-08 08:55:14,08:55:14,11.1123,6.9049
2024-02-08 08:55:16,37.767735,-122.4312,53.599,4.1,80.76,6.985,89.0,2.0,0.0,1013.5,0,2024-02-08 08:55:16,08:55:16,11.8481,7.362
2024-02-08 08:55:17,37.767696,-122.4312,53.599,4.1,80.72,6.995,89.0,2.0,0.0,1013.5,0,2024-02-08 08:55:17,08:55:17,12.3359,7.6652
2024-02-08 08:55:19,37.767605,-122.43118,53.5,4.1,80.72,6.995,89.0,2.0,0.0,1013.5,0,2024-02-08 08:55:19,08:55:19,13.2873,8.2564
2024-02-08 08:55:20,37.767567,-122.43116,53.599,4.2,80.709,7.005,89.0,2.0,0.0,1013.4,0,2024-02-08 08:55:20,08:55:20,14.1054,8.7647
2024-02-08 08:55:22,37.767467,-122.43115,53.799,4.3,80.699,7.01,90.0,2.0,0.0,1013.5,0,2024-02-08 08:55:22,08:55:22,14.8194,9.2083
2024-02-08 08:55:24,37.767365,-122.43115,54.099,4.3,80.669,7.015,90.0,2.0,0.0,1013.5,0,2024-02-08 08:55:24,08:55:24,15.6587,9.7298
2024-02-08 08:55:25,37.767315,-122.43115,54.299,4.4,80.65,7.025,90.0,2.0,0.0,1013.4,0,2024-02-08 08:55:25,08:55:25,15.9749,9.9264
2024-02-08 08:55:27,37.767227,-122.43114,54.7,4.4,80.629,7.025,90.0,2.0,0.0,1013.4,0,2024-02-08 08:55:27,08:55:27,16.5923,10.31
2024-02-08 08:55:28,37.767178,-122.43114,55.0,4.3,80.589,7.035,90.0,2.0,0.0,1013.4,0,2024-02-08 08:55:28,08:55:28,16.966,10.5422
2024-02-08 08:55:30,37.76709,-122.43112,55.4,4.3,80.559,7.035,89.0,2.0,0.0,1013.4,0,2024-02-08 08:55:30,08:55:30,17.129,10.6434
2024-02-08 08:55:32,37.767006,-122.43112,56.0,4.2,80.55,7.045,89.0,2.0,0.0,1013.4,0,2024-02-08 08:55:32,08:55:32,17.2291,10.7056
2024-02-08 08:55:33,37.76696,-122.43112,56.299,4.1,80.519,7.05,89.0,2.0,0.0,1013.3,0,2024-02-08 08:55:33,08:55:33,17.3291,10.7678
2024-02-08 08:55:35,37.766819,-122.43111,55.0,4.2,80.51,7.05,89.0,2.0,0.0,1013.3,0,2024-02-08 08:55:35,08:55:35,17.9406,11.1478
2024-02-08 08:55:36,37.766769,-122.43111,55.4,4.1,80.51,7.055,89.0,2.0,0.0,1013.3,0,2024-02-08 08:55:36,08:55:36,17.9723,11.1675
2024-02-08 08:55:38,37.766689,-122.43111,56.2,4.1,80.529,7.06,89.0,2.0,0.0,1013.2,0,2024-02-08 08:55:38,08:55:38,17.836,11.0828
2024-02-08 08:55:40,37.766628,-122.43112,56.799,4.0,80.57,7.065,89.0,2.0,0.0,1013.2,0,2024-02-08 08:55:40,08:55:40,17.6047,10.9391
2024-02-08 08:55:41,37.766594,-122.43112,57.2,4.0,80.599,7.065,88.0,2.0,0.0,1013.2,0,2024-02-08 08:55:41,08:55:41,17.5046,10.8769
2024-02-08 08:55:43,37.766491,-122.43109,59.599,3.9,80.639,7.07,88.0,2.0,0.0,1013.1,0,2024-02-08 08:55:43,08:55:43,17.8636,11.0999
2024-02-08 08:55:44,37.766449,-122.43109,60.0,3.8,80.639,7.075,87.0,2.0,0.0,1013.1,0,2024-02-08 08:55:44,08:55:44,18.1685,11.2894
2024-02-08 08:55:46,37.766361,-122.43107,60.9,3.8,80.65,7.08,87.0,2.0,0.0,1013.1,0,2024-02-08 08:55:46,08:55:46,18.2043,11.3116
2024-02-08 08:55:48,37.766308,-122.43106,61.799,3.7,80.629,7.085,86.0,2.0,0.0,1013.1,0,2024-02-08 08:55:48,08:55:48,18.0013,11.1855
2024-02-08 08:55:49,37.766289,-122.43106,62.2,3.7,80.61,7.085,86.0,2.0,0.0,1013.1,0,2024-02-08 08:55:49,08:55:49,17.7511,11.03
2024-02-08 08:55:51,37.76627,-122.43106,62.799,3.6,80.559,7.09,86.0,2.0,0.0,1013.1,0,2024-02-08 08:55:51,08:55:51,16.8334,10.4598
2024-02-08 08:55:52,37.76627,-122.43106,63.2,3.6,80.47,7.095,85.0,2.0,0.0,1013.1,0,2024-02-08 08:55:52,08:55:52,16.3185,10.1399
2024-02-08 08:55:54,37.766266,-122.43105,63.5,3.6,80.41,7.095,85.0,2.0,0.0,1013.1,0,2024-02-08 08:55:54,08:55:54,15.1745,9.429
2024-02-08 08:55:56,37.766258,-122.43105,63.5,3.6,80.32,7.1,85.0,2.0,0.0,1013.1,0,2024-02-08 08:55:56,08:55:56,13.9986,8.6983
2024-02-08 08:55:57,37.766254,-122.43105,63.5,3.6,80.3,7.1,85.0,2.0,0.0,1013.1,0,2024-02-08 08:55:57,08:55:57,13.4232,8.3408
2024-02-08 08:55:59,37.766235,-122.43105,63.299,3.7,80.23,7.105,85.0,2.0,0.0,1013.1,0,2024-02-08 08:55:59,08:55:59,12.5556,7.8017
2024-02-08 08:56:00,37.766228,-122.43105,63.2,3.6,80.129,7.11,85.0,2.0,0.0,1013.1,0,2024-02-08 08:56:00,08:56:00,12.0302,7.4752
2024-02-08 08:56:02,37.766212,-122.43106,62.799,3.6,80.059,7.11,85.0,2.0,0.0,1013.1,0,2024-02-08 08:56:02,08:56:02,11.135,6.919
2024-02-08 08:56:04,37.766193,-122.43106,62.4,3.6,79.94,7.115,85.0,2.0,0.0,1013.1,0,2024-02-08 08:56:04,08:56:04,10.3219,6.4137
2024-02-08 08:56:05,37.766178,-122.43107,62.2,3.6,79.879,7.115,85.0,2.0,0.0,1013.1,0,2024-02-08 08:56:05,08:56:05,9.9585,6.188
2024-02-08 08:56:07,37.766167,-122.43107,61.9,3.7,79.76,7.12,85.0,2.0,0.0,1013.1,0,2024-02-08 08:56:07,08:56:07,8.3296,5.1757
2024-02-08 08:56:08,37.766155,-122.43109,62.0,3.7,79.69,7.125,85.0,2.0,0.0,1013.1,0,2024-02-08 08:56:08,08:56:08,7.9524,4.9414
2024-02-08 08:56:10,37.766136,-122.43109,61.9,30.9,79.55,7.13,85.0,2.0,0.0,1013.1,0,2024-02-08 08:56:10,08:56:10,7.1893,4.4672
2024-02-08 08:56:12,37.766102,-122.4311,61.9,54.2,79.41,7.135,85.0,2.0,0.0,1013.1,0,2024-02-08 08:56:12,08:56:12,6.8565,4.2604
2024-02-08 08:56:13,37.76606,-122.43109,61.799,39.299,79.349,7.135,85.0,2.0,0.0,1013.1,0,2024-02-08 08:56:13,08:56:13,6.9658,4.3284
2024-02-08 08:56:15,37.766026,-122.43111,61.799,19.7,79.26,7.14,84.0,2.0,0.0,1013.1,0,2024-02-08 08:56:15,08:56:15,6.1127,3.7982
2024-02-08 08:56:16,37.766006,-122.43111,61.799,14.3,79.23,7.145,84.0,2.0,0.0,1013.0,0,2024-02-08 08:56:16,08:56:16,5.8375,3.6272
2024-02-08 08:56:18,37.765976,-122.43114,61.5,7.1,79.18,7.15,84.0,2.0,0.0,1013.1,0,2024-02-08 08:56:18,08:56:18,5.1974,3.2295
2024-02-08 08:56:20,37.765957,-122.43114,61.2,4.3,79.16,7.16,84.0,2.0,0.0,1013.0,0,2024-02-08 08:56:20,08:56:20,4.7647,2.9607
2024-02-08 08:56:21,37.765957,-122.43115,61.099,45.0,79.18,7.16,83.0,2.0,0.0,1013.1,0,2024-02-08 08:56:21,08:56:21,4.626,2.8744
2024-02-08 08:56:23,37.765949,-122.43115,61.099,36.599,79.269,7.17,83.0,2.0,0.0,1013.1,0,2024-02-08 08:56:23,08:56:23,4.4884,2.7889
2024-02-08 08:56:24,37.765945,-122.43115,61.0,25.6,79.32,7.175,83.0,2.0,0.0,1013.1,0,2024-02-08 08:56:24,08:56:24,4.5384,2.82
2024-02-08 08:56:26,37.765938,-122.43116,60.9,12.2,79.419,7.185,83.0,2.0,0.0,1013.1,0,2024-02-08 08:56:26,08:56:26,4.5596,2.8332
2024-02-08 08:56:28,37.76593,-122.43116,60.799,9.4,79.48,7.19,83.0,2.0,0.0,1013.0,0,2024-02-08 08:56:28,08:56:28,4.5596,2.8332
2024-02-08 08:56:29,37.765926,-122.43118,60.799,5.6,79.58,7.2,83.0,2.0,0.0,1013.1,0,2024-02-08 08:56:29,08:56:29,4.7136,2.9289
2024-02-08 08:56:31,37.765915,-122.43119,60.7,5.4,79.699,7.21,84.0,2.0,0.0,1013.1,0,2024-02-08 08:56:31,08:56:31,4.6454,2.8865
2024-02-08 08:56:32,37.765919,-122.43118,60.7,4.8,79.76,7.22,84.0,2.0,0.0,1013.1,0,2024-02-08 08:56:32,08:56:32,4.6687,2.901
2024-02-08 08:56:34,37.765919,-122.43119,60.5,3.0,79.879,7.235,87.0,2.0,0.0,1013.1,0,2024-02-08 08:56:34,08:56:34,4.5443,2.8237
2024-02-08 08:56:36,37.765919,-122.43119,60.299,3.5,79.91,7.24,93.0,2.0,0.0,1013.1,0,2024-02-08 08:56:36,08:56:36,4.3066,2.676
2024-02-08 08:56:37,37.765923,-122.43119,60.299,3.2,79.98,7.26,108.0,2.0,0.0,1013.1,0,2024-02-08 08:56:37,08:56:37,4.1446,2.5753
2024-02-08 08:56:39,37.765923,-122.43119,60.299,4.7,80.01,7.28,125.0,2.0,0.0,1013.1,0,2024-02-08 08:56:39,08:56:39,4.0069,2.4898
2024-02-08 08:56:40,37.765923,-122.43119,60.4,4.4,80.019,7.29,133.0,2.0,0.0,1013.1,0,2024-02-08 08:56:40,08:56:40,3.7587,2.3355
2024-02-08 08:56:42,37.76593,-122.43118,59.5,4.3,80.04,7.315,146.0,2.0,0.0,1013.1,0,2024-02-08 08:56:42,08:56:42,3.6531,2.2699
2024-02-08 08:56:44,37.765934,-122.43118,58.799,4.4,80.04,7.33,151.0,2.0,0.0,1013.1,0,2024-02-08 08:56:44,08:56:44,3.2664,2.0297
2024-02-08 08:56:45,37.765934,-122.43118,58.4,4.2,80.01,7.36,158.0,2.0,0.0,1013.1,0,2024-02-08 08:56:45,08:56:45,2.7318,1.6975
2024-02-08 08:56:47,37.765934,-122.43116,58.099,4.0,79.989,7.375,160.0,2.0,0.0,1013.1,0,2024-02-08 08:56:47,08:56:47,2.4605,1.5289
2024-02-08 08:56:48,37.765938,-122.43116,57.799,3.9,79.949,7.41,160.0,2.0,0.0,1013.1,0,2024-02-08 08:56:48,08:56:48,2.2604,1.4045
2024-02-08 08:56:50,37.765938,-122.43116,57.4,3.7,79.9,7.45,158.0,2.0,0.0,1013.1,0,2024-02-08 08:56:50,08:56:50,1.782,1.1073
2024-02-08 08:56:52,37.765942,-122.43116,57.099,85.699,79.849,7.47,157.0,2.0,0.0,1013.0,0,2024-02-08 08:56:52,08:56:52,1.5944,0.9907
2024-02-08 08:56:53,37.765942,-122.43116,56.9,66.599,79.76,7.515,152.0,2.0,0.0,1013.1,0,2024-02-08 08:56:53,08:56:53,1.4955,0.9292
2024-02-08 08:56:55,37.765938,-122.43116,57.099,46.099,79.69,7.535,150.0,2.0,0.0,1013.1,0,2024-02-08 08:56:55,08:56:55,1.4454,0.8982
2024-02-08 08:56:56,37.765942,-122.43116,57.0,19.7,79.519,7.585,145.0,2.0,0.0,1013.0,0,2024-02-08 08:56:56,08:56:56,1.4454,0.8982
2024-02-08 08:56:58,37.765942,-122.43116,57.099,9.1,79.3,7.635,139.0,2.0,0.0,1013.1,0,2024-02-08 08:56:58,08:56:58,1.3133,0.8161
2024-02-08 08:57:00,37.765942,-122.43116,57.099,6.7,79.19,7.665,137.0,2.0,0.0,1013.1,0,2024-02-08 08:57:00,08:57:00,1.2133,0.7539
2024-02-08 08:57:01,37.765945,-122.43116,57.099,5.1,78.959,7.72,131.0,2.0,0.0,1013.1,0,2024-02-08 08:57:01,08:57:01,1.0468,0.6504
2024-02-08 08:57:03,37.765949,-122.43116,57.099,4.8,78.839,7.75,129.0,2.0,0.0,1013.1,0,2024-02-08 08:57:03,08:57:03,0.9274,0.5762
2024-02-08 08:57:04,37.765945,-122.43116,57.099,4.1,78.589,7.81,124.0,2.0,0.0,1013.1,0,2024-02-08 08:57:04,08:57:04,0.8666,0.5385
2024-02-08 08:57:06,37.765945,-122.43116,57.099,4.4,78.33,7.875,119.0,2.0,0.0,1013.1,0,2024-02-08 08:57:06,08:57:06,0.7677,0.477
2024-02-08 08:57:08,37.765949,-122.43116,56.7,3.2,78.19,7.91,117.0,2.0,0.0,1013.1,0,2024-02-08 08:57:08,08:57:08,0.8177,0.5081
2024-02-08 08:57:09,37.765949,-122.43116,56.7,3.1,77.879,7.98,113.0,2.0,0.0,1013.1,0,2024-02-08 08:57:09,08:57:09,0.7677,0.477
2024-02-08 08:57:11,37.765949,-122.43116,56.599,2.7,77.72,8.02,112.0,2.0,0.0,1013.0,0,2024-02-08 08:57:11,08:57:11,0.7677,0.477
2024-02-08 08:57:12,37.765953,-122.43116,56.5,3.3,77.41,8.1,109.0,2.0,0.0,1013.1,0,2024-02-08 08:57:12,08:57:12,0.8177,0.5081
2024-02-08 08:57:14,37.765938,-122.43116,56.599,4.8,77.26,8.14,107.0,2.0,0.0,1013.0,0,2024-02-08 08:57:14,08:57:14,0.8733,0.5426
2024-02-08 08:57:16,37.765915,-122.43116,56.799,5.3,76.989,8.23,105.0,2.0,0.0,1013.0,0,2024-02-08 08:57:16,08:57:16,1.111,0.6903
2024-02-08 08:57:17,37.765903,-122.43116,56.9,5.1,76.66,8.32,104.0,2.0,0.0,1013.1,0,2024-02-08 08:57:17,08:57:17,1.2611,0.7836
2024-02-08 08:57:19,37.765858,-122.43115,57.0,4.7,76.489,8.37,104.0,2.0,0.0,1013.1,0,2024-02-08 08:57:19,08:57:19,1.6348,1.0158
2024-02-08 08:57:20,37.765831,-122.43114,57.0,4.5,76.11,8.465,103.0,2.0,0.0,1013.0,0,2024-02-08 08:57:20,08:57:20,1.9367,1.2034
2024-02-08 08:57:22,37.765778,-122.43111,56.9,4.5,75.919,8.51,103.0,2.0,0.0,1013.0,0,2024-02-08 08:57:22,08:57:22,2.6631,1.6548
2024-02-08 08:57:24,37.765713,-122.43109,56.799,4.4,75.57,8.61,103.0,2.0,0.0,1013.1,0,2024-02-08 08:57:24,08:57:24,3.4499,2.1437
2024-02-08 08:57:25,37.765682,-122.43107,56.7,4.7,75.23,8.705,103.0,2.0,0.0,1013.1,0,2024-02-08 08:57:25,08:57:25,3.8852,2.4141
2024-02-08 08:57:27,37.765621,-122.43105,56.4,4.8,75.059,8.755,103.0,2.0,0.0,1013.1,0,2024-02-08 08:57:27,08:57:27,4.6234,2.8729
2024-02-08 08:57:28,37.765598,-122.43103,56.299,5.0,74.68,8.85,102.0,2.0,0.0,1013.1,0,2024-02-08 08:57:28,08:57:28,4.9225,3.0587
2024-02-08 08:57:30,37.765522,-122.43101,56.099,5.1,74.51,8.895,102.0,2.0,0.0,1013.1,0,2024-02-08 08:57:30,08:57:30,5.8936,3.6621
2024-02-08 08:57:32,37.765484,-122.43101,56.299,5.2,74.15,8.98,102.0,2.0,0.0,1013.2,0,2024-02-08 08:57:32,08:57:32,6.369,3.9575
2024-02-08 08:57:33,37.765465,-122.43101,56.5,5.2,73.98,9.02,102.0,2.0,0.0,1013.1,0,2024-02-08 08:57:33,08:57:33,6.5691,4.0819
2024-02-08 08:57:35,37.765438,-122.43103,56.7,5.4,73.65,9.1,102.0,2.0,0.0,1013.2,0,2024-02-08 08:57:35,08:57:35,6.9105,4.294
2024-02-08 08:57:36,37.765427,-122.43103,56.7,5.5,73.33,9.17,103.0,2.0,0.0,1013.2,0,2024-02-08 08:57:36,08:57:36,6.9981,4.3484
2024-02-08 08:57:38,37.7654,-122.43103,56.799,5.5,73.18,9.205,103.0,2.0,0.0,1013.2,0,2024-02-08 08:57:38,08:57:38,7.3358,4.5583
2024-02-08 08:57:40,37.765347,-122.43103,57.099,5.5,72.93,9.26,106.0,2.0,0.0,1013.2,0,2024-02-08 08:57:40,08:57:40,7.9488,4.9391
2024-02-08 08:57:41,37.765316,-122.43103,57.099,5.5,72.83,9.29,108.0,2.0,0.0,1013.3,0,2024-02-08 08:57:41,08:57:41,8.3366,5.1801
2024-02-08 08:57:43,37.765221,-122.43103,56.7,5.4,72.639,9.34,114.0,2.0,0.0,1013.3,0,2024-02-08 08:57:43,08:57:43,9.525,5.9185
2024-02-08 08:57:44,37.76519,-122.43105,56.7,5.4,72.419,9.38,119.0,2.0,0.0,1013.3,0,2024-02-08 08:57:44,08:57:44,9.9102,6.1579
2024-02-08 08:57:46,37.765129,-122.43105,56.799,5.4,72.309,9.395,120.0,2.0,0.0,1013.4,0,2024-02-08 08:57:46,08:57:46,10.4857,6.5155
2024-02-08 08:57:48,37.765053,-122.43103,56.9,5.3,72.05,9.425,121.0,2.0,0.0,1013.4,0,2024-02-08 08:57:48,08:57:48,11.169,6.9401
2024-02-08 08:57:49,37.765003,-122.43103,56.9,5.2,71.93,9.44,121.0,2.0,0.0,1013.4,0,2024-02-08 08:57:49,08:57:49,11.6444,7.2355
2024-02-08 08:57:51,37.764923,-122.43101,57.0,5.1,71.66,9.465,120.0,2.0,0.0,1013.5,0,2024-02-08 08:57:51,08:57:51,12.0929,7.5142
2024-02-08 08:57:52,37.764877,-122.431,57.0,5.0,71.519,9.475,119.0,2.0,0.0,1013.5,0,2024-02-08 08:57:52,08:57:52,12.3249,7.6583
2024-02-08 08:57:54,37.764805,-122.43099,57.299,4.8,71.23,9.49,117.0,2.0,0.0,1013.5,0,2024-02-08 08:57:54,08:57:54,12.5046,7.77
2024-02-08 08:57:56,37.764755,-122.43096,57.5,4.7,70.93,9.505,114.0,2.0,0.0,1013.5,0,2024-02-08 08:57:56,08:57:56,12.3601,7.6802
2024-02-08 08:57:57,37.764744,-122.43096,57.7,4.6,70.809,9.51,113.0,2.0,0.0,1013.5,0,2024-02-08 08:57:57,08:57:57,12.0624,7.4952
2024-02-08 08:57:59,37.764725,-122.43093,58.0,4.5,70.54,9.52,111.0,2.0,0.0,1013.6,0,2024-02-08 08:57:59,08:57:59,11.6542,7.2416
2024-02-08 08:58:00,37.764709,-122.43093,58.2,4.6,70.43,9.52,110.0,2.0,0.0,1013.5,0,2024-02-08 08:58:00,08:58:00,11.5052,7.149
2024-02-08 08:58:02,37.764645,-122.43092,58.599,4.7,70.209,9.525,108.0,2.0,0.0,1013.6,0,2024-02-08 08:58:02,08:58:02,11.3408,7.0469
2024-02-08 08:58:04,37.764534,-122.4309,59.2,4.7,70.04,9.53,107.0,2.0,0.0,1013.6,0,2024-02-08 08:58:04,08:58:04,12.268,7.623
2024-02-08 08:58:05,37.764481,-122.43088,59.5,4.7,69.989,9.53,107.0,2.0,0.0,1013.6,0,2024-02-08 08:58:05,08:58:05,12.7222,7.9052
2024-02-08 08:58:07,37.764385,-122.43086,60.299,4.8,69.959,9.53,107.0,2.0,0.0,1013.6,0,2024-02-08 08:58:07,08:58:07,13.5479,8.4183
2024-02-08 08:58:08,37.764332,-122.43084,60.5,4.9,69.949,9.53,107.0,2.0,0.0,1013.7,0,2024-02-08 08:58:08,08:58:08,14.1022,8.7627
2024-02-08 08:58:10,37.764221,-122.43084,61.0,5.1,69.949,9.53,106.0,2.0,0.0,1013.7,0,2024-02-08 08:58:10,08:58:10,15.153,9.4156
2024-02-08 08:58:12,37.764091,-122.43082,61.4,5.2,69.94,9.53,106.0,2.0,0.0,1013.7,0,2024-02-08 08:58:12,08:58:12,16.1282,10.0216
2024-02-08 08:58:13,37.764027,-122.4308,61.599,5.2,69.94,9.525,106.0,2.0,0.0,1013.8,0,2024-02-08 08:58:13,08:58:13,16.5651,10.2931
2024-02-08 08:58:15,37.763889,-122.43079,61.9,5.2,69.919,9.525,105.0,2.0,0.0,1013.9,0,2024-02-08 08:58:15,08:58:15,17.1058,10.629
2024-02-08 08:58:16,37.763813,-122.43078,61.9,5.2,69.9,9.525,105.0,2.0,0.0,1013.9,0,2024-02-08 08:58:16,08:58:16,17.6263,10.9525
2024-02-08 08:58:18,37.763657,-122.43077,62.2,5.2,69.86,9.52,105.0,2.0,0.0,1014.0,0,2024-02-08 08:58:18,08:58:18,18.8172,11.6925
2024-02-08 08:58:20,37.763493,-122.43075,62.299,5.2,69.839,9.52,105.0,2.0,0.0,1014.1,0,2024-02-08 08:58:20,08:58:20,19.9072,12.3698
2024-02-08 08:58:21,37.763409,-122.43075,62.4,5.1,69.76,9.515,104.0,2.0,0.0,1014.1,0,2024-02-08 08:58:21,08:58:21,20.3325,12.634
2024-02-08 08:58:23,37.763218,-122.43077,61.799,5.1,69.69,9.515,104.0,2.0,0.0,1014.1,0,2024-02-08 08:58:23,08:58:23,21.7099,13.4899
2024-02-08 08:58:24,37.763134,-122.43074,61.4,5.1,69.66,9.51,104.0,2.0,0.0,1014.2,0,2024-02-08 08:58:24,08:58:24,22.2179,13.8056
2024-02-08 08:58:26,37.763042,-122.43071,61.599,5.0,69.62,9.505,103.0,2.0,0.0,1014.2,0,2024-02-08 08:58:26,08:58:26,22.5003,13.981
2024-02-08 08:58:27,37.763008,-122.43071,61.7,4.9,69.61,9.505,103.0,2.0,0.0,1014.3,0,2024-02-08 08:58:27,08:58:27,22.9506,14.2608
2024-02-08 08:58:29,37.762962,-122.43071,62.0,4.8,69.62,9.5,103.0,2.0,0.0,1014.3,0,2024-02-08 08:58:29,08:58:29,22.6712,14.0872
2024-02-08 08:58:31,37.762939,-122.43071,62.4,4.7,69.65,9.495,103.0,2.0,0.0,1014.3,0,2024-02-08 08:58:31,08:58:31,22.5788,14.0298
2024-02-08 08:58:32,37.762928,-122.43071,62.5,4.6,69.669,9.495,103.0,2.0,0.0,1014.3,0,2024-02-08 08:58:32,08:58:32,22.5162,13.9909
2024-02-08 08:58:34,37.76289,-122.43071,62.9,4.6,69.739,9.49,103.0,2.0,0.0,1014.3,0,2024-02-08 08:58:34,08:58:34,22.1849,13.785
2024-02-08 08:58:35,37.762859,-122.43071,63.099,4.6,69.779,9.49,103.0,2.0,0.0,1014.3,0,2024-02-08 08:58:35,08:58:35,21.853,13.5788
2024-02-08 08:58:37,37.762821,-122.43073,63.4,4.6,69.879,9.485,102.0,2.0,0.0,1014.3,0,2024-02-08 08:58:37,08:58:37,20.9931,13.0445
2024-02-08 08:58:39,37.762794,-122.43073,63.9,4.6,69.94,9.485,102.0,2.0,0.0,1014.4,0,2024-02-08 08:58:39,08:58:39,20.1138,12.4981
2024-02-08 08:58:40,37.762772,-122.43073,64.099,4.7,70.059,9.48,102.0,2.0,0.0,1014.4,0,2024-02-08 08:58:40,08:58:40,19.6971,12.2392
2024-02-08 08:58:42,37.762726,-122.43069,64.3,4.9,70.15,9.475,102.0,2.0,0.0,1014.3,0,2024-02-08 08:58:42,08:58:42,19.0069,11.8103
2024-02-08 08:58:43,37.762699,-122.43067,64.4,4.9,70.19,9.475,102.0,2.0,0.0,1014.4,0,2024-02-08 08:58:43,08:58:43,18.333,11.3916
2024-02-08 08:58:45,37.762699,-122.43056,63.2,4.9,70.239,9.475,102.0,2.0,0.0,1014.4,0,2024-02-08 08:58:45,08:58:45,18.0232,11.1991
2024-02-08 08:58:47,37.762722,-122.43045,62.0,5.0,70.26,9.47,102.0,2.0,0.0,1014.4,0,2024-02-08 08:58:47,08:58:47,17.4193,10.8239
2024-02-08 08:58:48,37.762722,-122.43038,62.0,5.0,70.3,9.47,102.0,2.0,0.0,1014.4,0,2024-02-08 08:58:48,08:58:48,17.1557,10.6601
2024-02-08 08:58:50,37.762756,-122.43024,61.799,5.0,70.33,9.47,102.0,2.0,0.0,1014.4,0,2024-02-08 08:58:50,08:58:50,16.6501,10.3459
2024-02-08 08:58:51,37.762772,-122.43016,61.7,5.0,70.339,9.465,102.0,2.0,0.0,1014.4,0,2024-02-08 08:58:51,08:58:51,15.9021,9.8811
2024-02-08 08:58:53,37.762821,-122.42997,61.299,5.0,70.379,9.465,102.0,2.0,0.0,1014.4,0,2024-02-08 08:58:53,08:58:53,16.3308,10.1475
2024-02-08 08:59:13,37.762951,-122.42874,62.299,4.7,70.72,9.445,101.0,2.0,0.0,1014.6,0,2024-02-08 08:59:13,08:59:13,16.7715,10.4213
2024-02-08 08:59:15,37.762955,-122.42871,62.7,4.8,70.73,9.445,100.0,2.0,0.0,1014.6,0,2024-02-08 08:59:15,08:59:15,15.9463,9.9086
2024-02-08 08:59:16,37.762943,-122.42868,62.799,4.7,70.75,9.445,100.0,2.0,0.0,1014.6,0,2024-02-08 08:59:16,08:59:16,15.7174,9.7663
2024-02-08 08:59:18,37.762939,-122.42861,63.099,4.7,70.76,9.44,100.0,2.0,0.0,1014.6,0,2024-02-08 08:59:18,08:59:18,15.5778,9.6796
2024-02-08 08:59:20,37.762939,-122.42855,63.4,4.8,70.76,9.44,100.0,2.0,0.0,1014.6,0,2024-02-08 08:59:20,08:59:20,15.5891,9.6866
2024-02-08 08:59:21,37.762897,-122.42854,62.099,4.9,70.73,9.435,100.0,2.0,0.0,1014.6,0,2024-02-08 08:59:21,08:59:21,16.0589,9.9785
2024-02-08 08:59:23,37.762913,-122.42842,61.599,4.9,70.709,9.435,100.0,2.0,0.0,1014.6,0,2024-02-08 08:59:23,08:59:23,16.4128,10.1984
2024-02-08 08:59:24,37.762917,-122.42837,61.299,5.0,70.669,9.43,100.0,2.0,0.0,1014.7,0,2024-02-08 08:59:24,08:59:24,16.7549,10.411
2024-02-08 08:59:26,37.762947,-122.42822,59.799,5.0,70.639,9.43,100.0,2.0,0.0,1014.7,0,2024-02-08 08:59:26,08:59:26,17.1431,10.6522
2024-02-08 08:59:28,37.762966,-122.42808,58.4,4.8,70.589,9.43,99.0,2.0,0.0,1014.7,0,2024-02-08 08:59:28,08:59:28,17.7015,10.9992
2024-02-08 08:59:29,37.762974,-122.42797,58.099,4.8,70.54,9.425,99.0,2.0,0.0,1014.8,0,2024-02-08 08:59:29,08:59:29,18.5385,11.5193
2024-02-08 08:59:31,37.762993,-122.4278,57.099,4.8,70.51,9.425,99.0,2.0,0.0,1014.8,0,2024-02-08 08:59:31,08:59:31,19.0677,11.8481
2024-02-08 08:59:32,37.762997,-122.42772,56.9,4.8,70.459,9.42,98.0,2.0,0.0,1014.8,0,2024-02-08 08:59:32,08:59:32,19.5095,12.1226
2024-02-08 08:59:34,37.763012,-122.42753,56.299,4.8,70.449,9.42,98.0,2.0,0.0,1014.9,0,2024-02-08 08:59:34,08:59:34,20.0662,12.4685
2024-02-08 08:59:36,37.76302,-122.42736,56.099,4.7,70.44,9.42,98.0,2.0,0.0,1014.9,0,2024-02-08 08:59:36,08:59:36,20.4404,12.701
2024-02-08 08:59:37,37.76302,-122.42729,55.9,4.6,70.419,9.415,97.0,2.0,0.0,1015.0,0,2024-02-08 08:59:37,08:59:37,20.5721,12.7829
2024-02-08 08:59:39,37.763016,-122.42714,55.4,4.6,70.43,9.415,97.0,2.0,0.0,1015.0,0,2024-02-08 08:59:39,08:59:39,20.6656,12.841
2024-02-08 08:59:40,37.763012,-122.42707,55.0,4.5,70.43,9.41,97.0,2.0,0.0,1015.0,0,2024-02-08 08:59:40,08:59:40,20.5962,12.7979
2024-02-08 08:59:42,37.76302,-122.42689,53.599,4.5,70.419,9.41,96.0,2.0,0.0,1015.1,0,2024-02-08 08:59:42,08:59:42,20.799,12.9239
2024-02-08 08:59:44,37.763031,-122.42672,53.099,4.4,70.4,9.41,96.0,2.0,0.0,1015.1,0,2024-02-08 08:59:44,08:59:44,20.6172,12.8109
2024-02-08 08:59:45,37.763035,-122.42663,53.0,4.4,70.37,9.405,96.0,2.0,0.0,1015.1,0,2024-02-08 08:59:45,08:59:45,21.478,13.3458
2024-02-08 08:59:47,37.763035,-122.42646,52.599,4.3,70.36,9.405,95.0,2.0,0.0,1015.1,0,2024-02-08 08:59:47,08:59:47,22.8583,14.2035
2024-02-08 08:59:48,37.763023,-122.42639,52.299,4.3,70.339,9.4,95.0,2.0,0.0,1015.1,0,2024-02-08 08:59:48,08:59:48,23.2342,14.437
2024-02-08 08:59:50,37.763012,-122.42625,52.2,4.3,70.339,9.4,94.0,2.0,0.0,1015.1,0,2024-02-08 08:59:50,08:59:50,23.9315,14.8703
2024-02-08 08:59:52,37.762981,-122.4262,51.5,4.3,70.309,9.395,93.0,2.0,0.0,1015.2,0,2024-02-08 08:59:52,08:59:52,23.9665,14.8921
2024-02-08 08:59:53,37.762989,-122.42614,51.4,4.3,70.3,9.395,93.0,2.0,0.0,1015.2,0,2024-02-08 08:59:53,08:59:53,24.0336,14.9338
2024-02-08 08:59:55,37.762989,-122.42607,50.9,4.2,70.3,9.39,93.0,2.0,0.0,1015.2,0,2024-02-08 08:59:55,08:59:55,23.5224,14.6161
2024-02-08 08:59:56,37.762997,-122.42604,50.7,4.2,70.32,9.39,92.0,2.0,0.0,1015.2,0,2024-02-08 08:59:56,08:59:56,23.3385,14.5019
2024-02-08 08:59:58,37.763,-122.42598,50.5,4.3,70.339,9.39,92.0,2.0,0.0,1015.2,0,2024-02-08 08:59:58,08:59:58,22.4029,13.9205
2024-02-08 09:00:00,37.76302,-122.42589,50.299,4.4,70.379,9.385,92.0,2.0,0.0,1015.3,0,2024-02-08 09:00:00,09:00:00,21.9227,13.6221
2024-02-08 09:00:01,37.763042,-122.42585,50.299,4.4,70.41,9.385,92.0,2.0,0.0,1015.3,0,2024-02-08 09:00:01,09:00:01,21.3121,13.2427
2024-02-08 09:00:03,37.763077,-122.42575,50.099,4.4,70.459,9.38,92.0,2.0,0.0,1015.3,0,2024-02-08 09:00:03,09:00:03,20.6958,12.8597
2024-02-08 09:00:04,37.763084,-122.42571,50.0,4.4,70.489,9.38,92.0,2.0,0.0,1015.2,0,2024-02-08 09:00:04,09:00:04,20.3082,12.6189
2024-02-08 09:00:06,37.763092,-122.42565,50.099,4.3,70.55,9.375,91.0,2.0,0.0,1015.3,0,2024-02-08 09:00:06,09:00:06,19.0216,11.8195
2024-02-08 09:00:08,37.763103,-122.42557,50.099,4.3,70.62,9.375,91.0,2.0,0.0,1015.3,0,2024-02-08 09:00:08,09:00:08,18.1405,11.272
2024-02-08 09:00:09,37.763119,-122.42555,50.0,4.3,70.66,9.375,91.0,2.0,0.0,1015.3,0,2024-02-08 09:00:09,09:00:09,17.7296,11.0167
2024-02-08 09:00:11,37.763145,-122.42548,49.9,4.2,70.72,9.37,91.0,2.0,0.0,1015.3,0,2024-02-08 09:00:11,09:00:11,17.0102,10.5696
2024-02-08 09:00:12,37.763157,-122.42546,49.9,4.2,70.769,9.37,91.0,2.0,0.0,1015.3,0,2024-02-08 09:00:12,09:00:12,16.5644,10.2927
2024-02-08 09:00:14,37.763203,-122.42539,50.0,4.2,70.86,9.365,91.0,2.0,0.0,1015.4,0,2024-02-08 09:00:14,09:00:14,15.6817,9.7442
2024-02-08 09:00:16,37.763222,-122.42531,50.099,4.1,70.949,9.365,91.0,2.0,0.0,1015.4,0,2024-02-08 09:00:16,09:00:16,14.821,9.2093
2024-02-08 09:00:17,37.763214,-122.42524,50.2,4.1,70.98,9.365,91.0,2.0,0.0,1015.4,0,2024-02-08 09:00:17,09:00:17,14.629,9.09
2024-02-08 09:00:19,37.763195,-122.42508,50.2,4.1,71.04,9.36,91.0,2.0,0.0,1015.4,0,2024-02-08 09:00:19,09:00:19,14.5479,9.0396
2024-02-08 09:00:20,37.763203,-122.42503,50.2,4.2,71.04,9.36,90.0,2.0,0.0,1015.4,0,2024-02-08 09:00:20,09:00:20,14.344,8.913
2024-02-08 09:00:22,37.763214,-122.42491,50.299,4.3,71.059,9.355,90.0,2.0,0.0,1015.5,0,2024-02-08 09:00:22,09:00:22,14.1473,8.7908
2024-02-08 09:00:24,37.763214,-122.42476,50.2,4.3,71.059,9.355,90.0,2.0,0.0,1015.5,0,2024-02-08 09:00:24,09:00:24,15.0023,9.322
2024-02-08 09:00:25,37.763218,-122.4247,50.099,4.2,71.08,9.355,90.0,2.0,0.0,1015.6,0,2024-02-08 09:00:25,09:00:25,14.9961,9.3181
2024-02-08 09:00:27,37.763226,-122.42455,50.099,4.1,71.12,9.35,90.0,2.0,0.0,1015.6,0,2024-02-08 09:00:27,09:00:27,15.7906,9.8118
2024-02-08 09:00:28,37.763233,-122.42447,50.0,4.1,71.129,9.35,89.0,2.0,0.0,1015.7,0,2024-02-08 09:00:28,09:00:28,16.2735,10.1119
2024-02-08 09:00:30,37.763241,-122.42433,49.9,4.1,71.16,9.345,89.0,2.0,0.0,1015.6,0,2024-02-08 09:00:30,09:00:30,17.067,10.605
2024-02-08 09:00:32,37.763248,-122.42423,49.799,4.0,71.169,9.345,89.0,2.0,0.0,1015.7,0,2024-02-08 09:00:32,09:00:32,17.1353,10.6474
2024-02-08 09:00:33,37.763233,-122.42421,49.4,3.9,71.199,9.34,89.0,2.0,0.0,1015.7,0,2024-02-08 09:00:33,09:00:33,16.926,10.5173
2024-02-08 09:00:35,37.763237,-122.42417,49.4,3.8,71.22,9.34,89.0,2.0,0.0,1015.7,0,2024-02-08 09:00:35,09:00:35,16.2432,10.0931
2024-02-08 09:00:36,37.763237,-122.42416,49.599,3.7,71.23,9.34,89.0,2.0,0.0,1015.7,0,2024-02-08 09:00:36,09:00:36,15.937,9.9028
2024-02-08 09:00:38,37.763237,-122.42414,49.7,3.7,71.239,9.335,88.0,2.0,0.0,1015.7,0,2024-02-08 09:00:38,09:00:38,15.533,9.6518
2024-02-08 09:00:40,37.763229,-122.42412,49.7,3.6,71.239,9.335,88.0,2.0,0.0,1015.7,0,2024-02-08 09:00:40,09:00:40,14.9517,9.2905
2024-02-08 09:00:41,37.763226,-122.42414,49.799,3.6,71.25,9.33,88.0,2.0,0.0,1015.7,0,2024-02-08 09:00:41,09:00:41,14.8716,9.2408
2024-02-08 09:00:43,37.763222,-122.42412,50.0,3.6,71.239,9.33,88.0,2.0,0.0,1015.7,0,2024-02-08 09:00:43,09:00:43,14.3108,8.8923
2024-02-08 09:00:44,37.763222,-122.42412,50.0,3.6,71.23,9.33,88.0,2.0,0.0,1015.6,0,2024-02-08 09:00:44,09:00:44,14.0625,8.738
2024-02-08 09:00:46,37.763222,-122.42412,49.799,3.6,71.199,9.325,87.0,2.0,0.0,1015.7,0,2024-02-08 09:00:46,09:00:46,13.1623,8.1787
2024-02-08 09:00:48,37.763218,-122.42412,49.7,3.6,71.19,9.325,87.0,2.0,0.0,1015.7,0,2024-02-08 09:00:48,09:00:48,12.3862,7.6964
2024-02-08 09:00:49,37.763218,-122.42412,49.7,3.5,71.16,9.325,87.0,2.0,0.0,1015.7,0,2024-02-08 09:00:49,09:00:49,11.6868,7.2618
2024-02-08 09:00:51,37.763218,-122.42412,49.7,3.5,71.15,9.325,87.0,2.0,0.0,1015.7,0,2024-02-08 09:00:51,09:00:51,10.0867,6.2676
2024-02-08 09:00:52,37.763222,-122.42411,49.7,3.4,71.15,9.32,86.0,2.0,0.0,1015.7,0,2024-02-08 09:00:52,09:00:52,9.6931,6.023
2024-02-08 09:00:54,37.763222,-122.42412,49.7,3.5,71.139,9.32,86.0,2.0,0.0,1015.7,0,2024-02-08 09:00:54,09:00:54,8.5973,5.3421
2024-02-08 09:00:56,37.763222,-122.42412,49.7,3.6,71.139,9.32,86.0,2.0,0.0,1015.7,0,2024-02-08 09:00:56,09:00:56,7.1139,4.4204
2024-02-08 09:00:57,37.763226,-122.42412,49.599,3.6,71.139,9.315,86.0,2.0,0.0,1015.7,0,2024-02-08 09:00:57,09:00:57,6.5685,4.0815
2024-02-08 09:00:59,37.763222,-122.42411,49.299,3.6,71.15,9.315,86.0,2.0,0.0,1015.7,0,2024-02-08 09:00:59,09:00:59,5.1926,3.2265
2024-02-08 09:01:00,37.763222,-122.42411,49.2,3.7,71.169,9.315,86.0,2.0,0.0,1015.7,0,2024-02-08 09:01:00,09:01:00,4.3966,2.7319
2024-02-08 09:01:02,37.763214,-122.42408,48.7,3.9,71.199,9.315,86.0,2.0,0.0,1015.7,0,2024-02-08 09:01:02,09:01:02,3.3216,2.0639
2024-02-08 09:01:04,37.763218,-122.42402,48.0,3.9,71.209,9.315,86.0,2.0,0.0,1015.7,0,2024-02-08 09:01:04,09:01:04,2.9242,1.817
2024-02-08 09:01:05,37.763226,-122.42397,47.4,4.0,71.239,9.31,86.0,2.0,0.0,1015.7,0,2024-02-08 09:01:05,09:01:05,3.1561,1.9611
2024-02-08 09:01:07,37.763233,-122.42388,46.5,4.0,71.269,9.31,86.0,2.0,0.0,1015.7,0,2024-02-08 09:01:07,09:01:07,3.6517,2.2691
2024-02-08 09:01:08,37.763229,-122.42383,46.0,4.0,71.29,9.31,86.0,2.0,0.0,1015.7,0,2024-02-08 09:01:08,09:01:08,4.0498,2.5164
2024-02-08 09:01:10,37.763237,-122.42372,45.0,3.9,71.279,9.31,86.0,2.0,0.0,1015.7,0,2024-02-08 09:01:10,09:01:10,4.9444,3.0723
2024-02-08 09:01:12,37.763248,-122.42359,44.2,3.9,71.199,9.31,86.0,2.0,0.0,1015.8,0,2024-02-08 09:01:12,09:01:12,6.0157,3.738
2024-02-08 09:01:13,37.763245,-122.42352,43.7,3.9,71.019,9.305,86.0,2.0,0.0,1015.8,0,2024-02-08 09:01:13,09:01:13,6.5077,4.0437
2024-02-08 09:01:15,37.763248,-122.42338,42.799,4.0,70.919,9.305,86.0,2.0,0.0,1015.8,0,2024-02-08 09:01:15,09:01:15,7.6887,4.7775
2024-02-08 09:01:16,37.763248,-122.42332,42.299,4.1,70.73,9.305,86.0,2.0,0.0,1015.9,0,2024-02-08 09:01:16,09:01:16,8.282,5.1462
2024-02-08 09:01:18,37.763245,-122.42318,41.4,4.2,70.639,9.305,86.0,2.0,0.0,1015.9,0,2024-02-08 09:01:18,09:01:18,9.667,6.0068
2024-02-08 09:01:19,37.763248,-122.42311,41.0,4.2,70.489,9.3,85.0,2.0,0.0,1015.9,0,2024-02-08 09:01:19,09:01:19,10.6429,6.6132
2024-02-08 09:01:21,37.763229,-122.423,40.099,4.2,70.349,9.3,85.0,2.0,0.0,1015.9,0,2024-02-08 09:01:21,09:01:21,11.4238,7.0984
2024-02-08 09:01:23,37.763256,-122.42283,39.099,4.2,70.29,9.3,85.0,2.0,0.0,1015.9,0,2024-02-08 09:01:23,09:01:23,13.1385,8.1639
2024-02-08 09:01:24,37.763264,-122.42276,38.7,4.3,70.16,9.3,84.0,2.0,0.0,1015.9,0,2024-02-08 09:01:24,09:01:24,13.7271,8.5296
2024-02-08 09:01:26,37.763268,-122.42256,37.799,4.3,70.099,9.295,84.0,2.0,0.0,1016.0,0,2024-02-08 09:01:26,09:01:26,15.6067,9.6976
2024-02-08 09:01:27,37.763275,-122.42247,37.599,4.4,69.989,9.295,83.0,2.0,0.0,1016.0,0,2024-02-08 09:01:27,09:01:27,17.0334,10.584
2024-02-08 09:01:29,37.76329,-122.42231,37.099,4.3,69.879,9.295,82.0,2.0,0.0,1016.0,0,2024-02-08 09:01:29,09:01:29,18.0444,11.2123
2024-02-08 09:01:31,37.763298,-122.42215,36.599,4.4,69.809,9.29,82.0,2.0,0.0,1016.1,0,2024-02-08 09:01:31,09:01:31,19.519,12.1286
2024-02-08 09:01:32,37.763306,-122.42208,36.299,4.3,69.69,9.29,81.0,2.0,0.0,1016.1,0,2024-02-08 09:01:32,09:01:32,20.2185,12.5632
2024-02-08 09:01:34,37.763313,-122.42197,35.9,4.2,69.639,9.29,80.0,2.0,0.0,1016.2,0,2024-02-08 09:01:34,09:01:34,20.9967,13.0468
2024-02-08 09:01:35,37.763313,-122.42195,35.799,4.1,69.529,9.285,79.0,2.0,0.0,1016.2,0,2024-02-08 09:01:35,09:01:35,21.2635,13.2125
2024-02-08 09:01:37,37.763313,-122.42189,35.7,4.0,69.5,9.285,79.0,2.0,0.0,1016.2,0,2024-02-08 09:01:37,09:01:37,20.6879,12.8549
2024-02-08 09:01:39,37.763313,-122.42187,35.599,3.8,69.43,9.285,78.0,2.0,0.0,1016.1,0,2024-02-08 09:01:39,09:01:39,19.9914,12.422
2024-02-08 09:01:40,37.763313,-122.42187,35.599,3.7,69.389,9.28,77.0,2.0,0.0,1016.2,0,2024-02-08 09:01:40,09:01:40,19.4944,12.1132
2024-02-08 09:01:42,37.763309,-122.42186,35.7,3.7,69.37,9.28,76.0,2.0,0.0,1016.2,0,2024-02-08 09:01:42,09:01:42,18.5128,11.5033
2024-02-08 09:01:43,37.763309,-122.42186,35.7,3.5,69.339,9.275,76.0,2.0,0.0,1016.2,0,2024-02-08 09:01:43,09:01:43,17.7753,11.0451
2024-02-08 09:01:45,37.763302,-122.42185,35.7,3.5,69.339,9.275,75.0,2.0,0.0,1016.1,0,2024-02-08 09:01:45,09:01:45,16.6586,10.3512
2024-02-08 09:01:47,37.763302,-122.42185,35.599,3.4,69.36,9.275,74.0,2.0,0.0,1016.1,0,2024-02-08 09:01:47,09:01:47,15.2736,9.4906
2024-02-08 09:01:48,37.763298,-122.42185,35.7,3.3,69.4,9.27,74.0,2.0,0.0,1016.1,0,2024-02-08 09:01:48,09:01:48,14.7303,9.153
2024-02-08 09:01:50,37.763283,-122.42181,35.599,3.2,69.419,9.27,74.0,2.0,0.0,1016.1,0,2024-02-08 09:01:50,09:01:50,13.7831,8.5644
2024-02-08 09:01:51,37.763256,-122.42179,35.599,3.2,69.459,9.27,74.0,2.0,0.0,1016.1,0,2024-02-08 09:01:51,09:01:51,13.4813,8.3769
2024-02-08 09:01:53,37.763203,-122.42179,35.599,3.1,69.48,9.27,74.0,2.0,0.0,1016.2,0,2024-02-08 09:01:53,09:01:53,13.0308,8.0969
2024-02-08 09:01:55,37.763142,-122.42179,35.599,3.0,69.489,9.265,75.0,2.0,0.0,1016.2,0,2024-02-08 09:01:55,09:01:55,12.0791,7.5056
2024-02-08 09:01:56,37.7631,-122.42178,35.599,3.0,69.489,9.265,76.0,2.0,0.0,1016.2,0,2024-02-08 09:01:56,09:01:56,11.9143,7.4032
2024-02-08 09:01:58,37.763012,-122.42177,35.599,3.0,69.5,9.265,76.0,2.0,0.0,1016.2,0,2024-02-08 09:01:58,09:01:58,11.041,6.8606
2024-02-08 09:01:59,37.762962,-122.42177,35.7,3.1,69.5,9.26,77.0,2.0,0.0,1016.2,0,2024-02-08 09:01:59,09:01:59,10.7722,6.6935
2024-02-08 09:02:01,37.76284,-122.42174,35.799,3.2,69.51,9.26,77.0,2.0,0.0,1016.2,0,2024-02-08 09:02:01,09:02:01,10.7335,6.6695
2024-02-08 09:02:03,37.762726,-122.42173,35.9,3.3,69.51,9.26,77.0,2.0,0.0,1016.2,0,2024-02-08 09:02:03,09:02:03,10.5776,6.5726
2024-02-08 09:02:04,37.762672,-122.42172,36.0,3.4,69.51,9.26,77.0,2.0,0.0,1016.2,0,2024-02-08 09:02:04,09:02:04,10.5608,6.5622
2024-02-08 09:02:06,37.762539,-122.4217,35.9,3.7,69.519,9.26,78.0,2.0,0.0,1016.3,0,2024-02-08 09:02:06,09:02:06,11.1449,6.9251
2024-02-08 09:02:07,37.762493,-122.42168,35.799,3.9,69.55,9.255,78.0,2.0,0.0,1016.3,0,2024-02-08 09:02:07,09:02:07,11.5556,7.1803
2024-02-08 09:02:09,37.762379,-122.42168,36.0,4.0,69.55,9.255,79.0,2.0,0.0,1016.3,0,2024-02-08 09:02:09,09:02:09,12.3884,7.6978
2024-02-08 09:02:11,37.76226,-122.42166,36.099,4.0,69.54,9.255,84.0,2.0,0.0,1016.3,0,2024-02-08 09:02:11,09:02:11,13.6923,8.508
2024-02-08 09:02:12,37.762199,-122.42166,36.2,4.1,69.529,9.255,89.0,2.0,0.0,1016.3,0,2024-02-08 09:02:12,09:02:12,14.4553,8.9821
2024-02-08 09:02:14,37.762085,-122.42164,36.5,4.1,69.47,9.25,98.0,1.0,0.0,1016.3,0,2024-02-08 09:02:14,09:02:14,15.7842,9.8079
2024-02-08 09:02:15,37.762024,-122.42164,36.599,4.1,69.389,9.25,105.0,1.0,0.0,1016.3,0,2024-02-08 09:02:15,09:02:15,16.5473,10.282
2024-02-08 09:02:17,37.76189,-122.42163,37.0,4.1,69.349,9.25,108.0,1.0,0.0,1016.4,0,2024-02-08 09:02:17,09:02:17,18.0944,11.2433
2024-02-08 09:02:19,37.761768,-122.42161,37.299,4.1,69.29,9.25,113.0,1.0,0.0,1016.3,0,2024-02-08 09:02:19,09:02:19,19.6333,12.1996
2024-02-08 09:02:20,37.761707,-122.4216,37.5,4.2,69.269,9.245,115.0,1.0,0.0,1016.3,0,2024-02-08 09:02:20,09:02:20,20.3527,12.6466
2024-02-08 09:02:22,37.761589,-122.42157,38.099,4.2,69.269,9.245,118.0,1.0,0.0,1016.3,0,2024-02-08 09:02:22,09:02:22,21.4205,13.3101
2024-02-08 09:02:23,37.761524,-122.42157,38.299,4.3,69.29,9.245,119.0,1.0,0.0,1016.3,0,2024-02-08 09:02:23,09:02:23,21.8423,13.5721
2024-02-08 09:02:25,37.761402,-122.42157,38.799,4.3,69.339,9.245,119.0,1.0,0.0,1016.3,0,2024-02-08 09:02:25,09:02:25,22.7054,14.1085
2024-02-08 09:02:27,37.761292,-122.42155,39.2,4.3,69.419,9.24,119.0,1.0,0.0,1016.3,0,2024-02-08 09:02:27,09:02:27,23.3325,14.4981
2024-02-08 09:02:28,37.76123,-122.42155,39.4,4.3,69.48,9.24,119.0,1.0,0.0,1016.2,0,2024-02-08 09:02:28,09:02:28,23.5735,14.6479
2024-02-08 09:02:30,37.761127,-122.42155,39.799,4.2,69.58,9.24,120.0,1.0,0.0,1016.2,0,2024-02-08 09:02:30,09:02:30,23.7567,14.7617
2024-02-08 09:02:31,37.761078,-122.42153,40.099,4.2,69.65,9.24,120.0,1.0,0.0,1016.2,0,2024-02-08 09:02:31,09:02:31,23.7753,14.7733
2024-02-08 09:02:33,37.760983,-122.42153,40.4,4.2,69.769,9.235,120.0,1.0,0.0,1016.2,0,2024-02-08 09:02:33,09:02:33,23.409,14.5457
2024-02-08 09:02:35,37.760887,-122.42153,40.9,4.3,69.91,9.235,121.0,1.0,0.0,1016.1,0,2024-02-08 09:02:35,09:02:35,23.1804,14.4036
2024-02-08 09:02:36,37.760841,-122.42151,41.2,4.2,69.959,9.235,121.0,1.0,0.0,1016.1,0,2024-02-08 09:02:36,09:02:36,23.1061,14.3575
2024-02-08 09:02:38,37.760757,-122.4215,41.4,4.1,70.07,9.235,124.0,1.0,0.0,1016.1,0,2024-02-08 09:02:38,09:02:38,22.4861,13.9722
2024-02-08 09:02:39,37.760712,-122.42149,41.7,4.1,70.129,9.23,125.0,1.0,0.0,1016.1,0,2024-02-08 09:02:39,09:02:39,22.4492,13.9493
2024-02-08 09:02:41,37.760616,-122.42149,42.2,3.9,70.25,9.23,128.0,1.0,0.0,1016.1,0,2024-02-08 09:02:41,09:02:41,22.224,13.8094
2024-02-08 09:02:43,37.760525,-122.42147,43.099,3.8,70.33,9.23,131.0,1.0,0.0,1016.0,0,2024-02-08 09:02:43,09:02:43,21.8777,13.5942
2024-02-08 09:02:44,37.760475,-122.42147,43.599,3.8,70.37,9.23,131.0,1.0,0.0,1016.0,0,2024-02-08 09:02:44,09:02:44,21.7401,13.5087
2024-02-08 09:02:46,37.760376,-122.42149,44.599,3.7,70.48,9.225,132.0,1.0,0.0,1016.0,0,2024-02-08 09:02:46,09:02:46,21.5545,13.3934
2024-02-08 09:02:47,37.760326,-122.42149,45.2,3.7,70.529,9.225,133.0,1.0,0.0,1016.0,0,2024-02-08 09:02:47,09:02:47,21.4169,13.3079
2024-02-08 09:02:49,37.760246,-122.42149,46.2,3.8,70.61,9.225,134.0,1.0,0.0,1016.0,0,2024-02-08 09:02:49,09:02:49,20.7385,12.8863
2024-02-08 09:02:51,37.760147,-122.42147,46.5,3.8,70.65,9.225,135.0,1.0,0.0,1016.0,0,2024-02-08 09:02:51,09:02:51,20.4537,12.7093
2024-02-08 09:02:52,37.760094,-122.42146,46.5,3.9,70.72,9.225,137.0,1.0,0.0,1015.9,0,2024-02-08 09:02:52,09:02:52,20.3546,12.6477
2024-02-08 09:02:54,37.759983,-122.42145,46.7,3.9,70.8,9.22,138.0,1.0,0.0,1015.9,0,2024-02-08 09:02:54,09:02:54,20.241,12.5772
2024-02-08 09:02:56,37.759872,-122.42145,47.099,3.9,70.839,9.22,139.0,1.0,0.0,1015.9,0,2024-02-08 09:02:56,09:02:56,20.1856,12.5428
2024-02-08 09:02:57,37.759815,-122.42144,47.299,3.9,70.91,9.22,139.0,1.0,0.0,1015.9,0,2024-02-08 09:02:57,09:02:57,20.0102,12.4337
2024-02-08 09:02:59,37.759701,-122.42142,47.599,4.0,70.949,9.22,139.0,1.0,0.0,1015.9,0,2024-02-08 09:02:59,09:02:59,20.0597,12.4645
2024-02-08 09:03:00,37.75964,-122.42141,47.599,4.1,71.04,9.22,137.0,1.0,0.0,1015.8,0,2024-02-08 09:03:00,09:03:00,20.0536,12.4607
2024-02-08 09:03:02,37.759518,-122.4214,47.799,4.1,71.12,9.215,135.0,1.0,0.0,1015.8,0,2024-02-08 09:03:02,09:03:02,20.2945,12.6104
2024-02-08 09:03:04,37.759407,-122.4214,48.0,4.1,71.169,9.215,134.0,1.0,0.0,1015.8,0,2024-02-08 09:03:04,09:03:04,20.4014,12.6768
2024-02-08 09:03:05,37.759338,-122.42141,47.5,4.2,71.25,9.215,131.0,1.0,0.0,1015.8,0,2024-02-08 09:03:05,09:03:05,20.7193,12.8744
2024-02-08 09:03:07,37.759247,-122.42141,47.9,4.2,71.29,9.215,130.0,1.0,0.0,1015.7,0,2024-02-08 09:03:07,09:03:07,20.6568,12.8355
2024-02-08 09:03:08,37.759205,-122.4214,48.099,4.3,71.36,9.215,127.0,1.0,0.0,1015.7,0,2024-02-08 09:03:08,09:03:08,20.5829,12.7896
2024-02-08 09:03:10,37.759117,-122.42138,48.5,4.4,71.41,9.215,124.0,1.0,0.0,1015.7,0,2024-02-08 09:03:10,09:03:10,20.6459,12.8288
2024-02-08 09:03:12,37.759033,-122.42138,49.099,4.4,71.44,9.215,123.0,1.0,0.0,1015.7,0,2024-02-08 09:03:12,09:03:12,20.485,12.7288
2024-02-08 09:03:13,37.758987,-122.42138,49.4,4.5,71.5,9.21,120.0,1.0,0.0,1015.7,0,2024-02-08 09:03:13,09:03:13,20.4997,12.7379
2024-02-08 09:03:15,37.758907,-122.42138,50.299,4.4,71.54,9.21,119.0,1.0,0.0,1015.7,0,2024-02-08 09:03:15,09:03:15,20.3451,12.6418
2024-02-08 09:03:16,37.758862,-122.42137,50.799,4.5,71.589,9.21,117.0,1.0,0.0,1015.7,0,2024-02-08 09:03:16,09:03:16,20.2911,12.6083
2024-02-08 09:03:18,37.758808,-122.42137,52.099,139.5,71.639,9.21,115.0,1.0,0.0,1015.7,0,2024-02-08 09:03:18,09:03:18,19.7125,12.2488
2024-02-08 09:03:20,37.758759,-122.42134,52.9,138.69,71.669,9.21,114.0,1.0,0.0,1015.7,0,2024-02-08 09:03:20,09:03:20,19.169,11.9111
2024-02-08 09:03:21,37.758724,-122.42134,53.4,70.8,71.75,9.21,113.0,1.0,0.0,1015.6,0,2024-02-08 09:03:21,09:03:21,19.2051,11.9335
2024-02-08 09:03:23,37.758656,-122.42134,54.2,46.5,71.79,9.205,112.0,1.0,0.0,1015.6,0,2024-02-08 09:03:23,09:03:23,18.8016,11.6828
2024-02-08 09:03:24,37.75864,-122.42134,54.5,20.0,71.879,9.205,114.0,1.0,0.0,1015.6,0,2024-02-08 09:03:24,09:03:24,18.3314,11.3906
2024-02-08 09:03:26,37.758583,-122.42141,53.7,14.2,71.949,9.205,115.0,1.0,0.0,1015.6,0,2024-02-08 09:03:26,09:03:26,17.9332,11.1432
2024-02-08 09:03:28,37.758572,-122.42151,54.0,8.5,72.08,9.205,119.0,1.0,0.0,1015.5,0,2024-02-08 09:03:28,09:03:28,17.5432,10.9008
2024-02-08 09:03:29,37.758568,-122.42157,54.099,4.6,72.19,9.205,122.0,1.0,0.0,1015.5,0,2024-02-08 09:03:29,09:03:29,17.4188,10.8235
2024-02-08 09:03:31,37.758568,-122.42166,54.7,3.8,72.25,9.205,124.0,1.0,0.0,1015.5,0,2024-02-08 09:03:31,09:03:31,16.8692,10.482
2024-02-08 09:03:32,37.758568,-122.42172,54.9,4.9,72.37,9.2,125.0,1.0,0.0,1015.4,0,2024-02-08 09:03:32,09:03:32,16.6931,10.3726
2024-02-08 09:03:34,37.758579,-122.42183,54.5,5.6,72.43,9.2,126.0,1.0,0.0,1015.4,0,2024-02-08 09:03:34,09:03:34,16.2603,10.1037
2024-02-08 09:03:36,37.758579,-122.42191,54.9,6.3,72.529,9.2,127.0,1.0,0.0,1015.4,0,2024-02-08 09:03:36,09:03:36,15.663,9.7325
2024-02-08 09:03:37,37.758579,-122.42196,55.0,5.9,72.629,9.2,127.0,1.0,0.0,1015.4,0,2024-02-08 09:03:37,09:03:37,15.2887,9.4999
2024-02-08 09:03:39,37.758568,-122.42204,55.099,7.4,72.68,9.2,127.0,1.0,0.0,1015.4,0,2024-02-08 09:03:39,09:03:39,14.9534,9.2916
2024-02-08 09:03:40,37.758556,-122.42209,55.2,6.3,72.769,9.2,127.0,1.0,0.0,1015.3,0,2024-02-08 09:03:40,09:03:40,14.9355,9.2805
2024-02-08 09:03:42,37.75853,-122.42219,55.0,5.9,72.8,9.2,127.0,1.0,0.0,1015.3,0,2024-02-08 09:03:42,09:03:42,14.8582,9.2324
2024-02-08 09:03:44,37.75853,-122.42227,55.099,5.1,72.849,9.195,128.0,1.0,0.0,1015.2,0,2024-02-08 09:03:44,09:03:44,14.5986,9.0711
2024-02-08 09:03:45,37.75853,-122.42231,55.099,7.0,72.889,9.195,128.0,1.0,0.0,1015.2,0,2024-02-08 09:03:45,09:03:45,14.4188,8.9594
2024-02-08 09:03:47,37.758495,-122.42238,54.0,7.0,72.889,9.195,129.0,1.0,0.0,1015.2,0,2024-02-08 09:03:47,09:03:47,14.2371,8.8465
2024-02-08 09:03:48,37.758476,-122.42244,53.9,6.3,72.9,9.195,134.0,1.0,0.0,1015.2,0,2024-02-08 09:03:48,09:03:48,14.3048,8.8886
2024-02-08 09:03:50,37.758492,-122.42251,53.0,5.9,72.9,9.195,137.0,1.0,0.0,1015.2,0,2024-02-08 09:03:50,09:03:50,14.35,8.9166
2024-02-08 09:03:52,37.758492,-122.42259,52.799,5.4,72.91,9.195,147.0,1.0,0.0,1015.2,0,2024-02-08 09:03:52,09:03:52,14.4602,8.9851
2024-02-08 09:03:53,37.758488,-122.42263,52.799,5.4,72.919,9.195,152.0,1.0,0.0,1015.1,0,2024-02-08 09:03:53,09:03:53,14.4211,8.9608
2024-02-08 09:03:55,37.758457,-122.42272,52.299,5.5,72.94,9.195,163.0,1.0,0.0,1015.1,0,2024-02-08 09:03:55,09:03:55,14.5413,9.0356
2024-02-08 09:03:56,37.758457,-122.42274,52.299,5.5,72.98,9.195,174.0,1.0,0.0,1015.1,0,2024-02-08 09:03:56,09:03:56,14.539,9.0341
2024-02-08 09:03:58,37.758423,-122.42283,52.099,5.5,73.0,9.195,179.0,1.0,0.0,1015.1,0,2024-02-08 09:03:58,09:03:58,14.5316,9.0295
2024-02-08 09:04:00,37.7584,-122.42289,52.0,5.3,73.05,9.19,187.0,1.0,0.0,1015.0,0,2024-02-08 09:04:00,09:04:00,14.1926,8.8189
2024-02-08 09:04:01,37.758389,-122.42292,51.9,5.3,73.08,9.19,190.0,1.0,0.0,1015.0,0,2024-02-08 09:04:01,09:04:01,13.9241,8.6521
2024-02-08 09:04:03,37.7584,-122.42304,50.099,5.2,73.139,9.19,191.0,1.0,0.0,1015.0,0,2024-02-08 09:04:03,09:04:03,14.2288,8.8414
2024-02-08 09:04:04,37.758392,-122.42308,50.099,5.0,73.19,9.19,191.0,1.0,0.0,1015.0,0,2024-02-08 09:04:04,09:04:04,14.0435,8.7262
2024-02-08 09:04:06,37.758389,-122.42315,50.299,4.9,73.22,9.19,190.0,1.0,0.0,1014.9,0,2024-02-08 09:04:06,09:04:06,13.6402,8.4756
2024-02-08 09:04:08,37.758381,-122.42325,49.299,4.8,73.269,9.19,186.0,1.0,0.0,1014.9,0,2024-02-08 09:04:08,09:04:08,13.8431,8.6017
2024-02-08 09:04:09,37.758369,-122.42329,49.299,4.8,73.29,9.19,184.0,1.0,0.0,1014.9,0,2024-02-08 09:04:09,09:04:09,13.7717,8.5573
2024-02-08 09:04:11,37.758335,-122.42332,48.799,4.8,73.32,9.185,180.0,1.0,0.0,1014.8,0,2024-02-08 09:04:11,09:04:11,13.4872,8.3806
2024-02-08 09:04:12,37.758312,-122.42333,48.7,4.8,73.339,9.185,175.0,1.0,0.0,1014.8,0,2024-02-08 09:04:12,09:04:12,13.2747,8.2485
2024-02-08 09:04:14,37.75827,-122.42333,48.599,4.8,73.37,9.185,173.0,1.0,0.0,1014.7,0,2024-02-08 09:04:14,09:04:14,12.759,7.928
2024-02-08 09:04:16,37.758213,-122.42333,48.599,4.8,73.449,9.185,169.0,1.0,0.0,1014.6,0,2024-02-08 09:04:16,09:04:16,12.6808,7.8795
2024-02-08 09:04:17,37.758171,-122.42336,48.599,4.8,73.5,9.185,167.0,1.0,0.0,1014.6,0,2024-02-08 09:04:17,09:04:17,12.8886,8.0086
2024-02-08 09:04:19,37.758114,-122.42337,48.7,4.8,73.599,9.185,164.0,1.0,0.0,1014.5,0,2024-02-08 09:04:19,09:04:19,12.7893,7.9469
2024-02-08 09:04:20,37.758083,-122.42337,48.9,4.8,73.65,9.185,162.0,1.0,0.0,1014.4,0,2024-02-08 09:04:20,09:04:20,12.5379,7.7907
2024-02-08 09:04:22,37.75803,-122.42336,48.9,4.8,73.75,9.185,160.0,1.0,0.0,1014.3,0,2024-02-08 09:04:22,09:04:22,12.4876,7.7594
2024-02-08 09:04:24,37.75798,-122.42336,48.9,4.8,73.87,9.18,157.0,1.0,0.0,1014.3,0,2024-02-08 09:04:24,09:04:24,12.3219,7.6564
2024-02-08 09:04:25,37.757965,-122.42334,49.0,4.9,73.93,9.18,156.0,1.0,0.0,1014.3,0,2024-02-08 09:04:25,09:04:25,12.1958,7.5781
2024-02-08 09:04:27,37.757942,-122.42334,49.0,5.0,74.05,9.18,154.0,1.0,0.0,1014.2,0,2024-02-08 09:04:27,09:04:27,11.5126,7.1536
